month,forecast_new_donors
2025-07,85.23261025749251
2025-08,81.5331471678398
2025-09,81.13242931969734
2025-10,78.53135937354484
2025-11,82.23081792103685
2025-12,88.72850187617121
2026-01,86.63050301635914
2026-02,83.22873244200882
2026-03,84.23005035136052
2026-04,84.4284393948193
2026-05,80.13007634228605
2026-06,79.52714985073284
